{
    "loss": 0.37064245343208313,
    "accuracy": 0.931034505367279
}