{
    "loss": 2.027482032775879,
    "accuracy": 0.5948275923728943
}